,noise,r2_train,r2_test,mse_train,mse_test,mae_test,mae_train
0,0.01,0.7604660273788468,0.7327433796571863,0.23953397262115322,0.24772278528496092,0.4132710926340104,0.4090396716147413
1,0.05,0.7604364292435735,0.7327635896988569,0.23956357075642654,0.247776610098961,0.4132672939335489,0.40902870311697587
2,0.1,0.7604190184356167,0.7321947073544748,0.23958098156438332,0.24826477247873555,0.4140080658000538,0.4090376605645116
3,0.5,0.7536538833305328,0.7295779307310784,0.24634611666946715,0.2515902792192366,0.418672904570319,0.4143883822914829
4,1.0,0.7323362685372613,0.6998914761635191,0.2676637314627387,0.2807366402374637,0.4420319239749748,0.4289887692413722
5,5.0,0.38161493932603885,0.37577284950974266,0.6183850606739612,0.6342789877376941,0.6452585639662312,0.6287368286091018
